{
  "width": 3000,
  "height": 3000,
  "seed": 999,
  "asteroids": [
    {
      "x": 757.0933143470799,
      "y": -865.2153608723042,
      "radius": 170,
      "oreType": "hematite"
    },
    {
      "x": -799.1375410078305,
      "y": 737.753081721281,
      "radius": 500,
      "oreType": "aurite"
    },
    {
      "x": -980.2383001778235,
      "y": -894.4911885139588,
      "radius": 450,
      "oreType": "diamite"
    },
    {
      "x": 1122.9246949248572,
      "y": 521.0797676837332,
      "radius": 480,
      "oreType": "platinite"
    }
  ],
  "structures": [
    {
      "x": -205.8807352322857,
      "y": -792.8369664995805,
      "type": "mothership",
      "health": 2000,
      "size": 80,
      "specialAttackEnabled": true,
      "specialAttackInterval": 10,
      "ejectCount": 8
    }
  ],
  "spawnSettings": {
    "initialDelay": 60000,
    "waveIntervalMin": 200,
    "waveIntervalMax": 500,
    "waveSizeMin": 1,
    "waveSizeMax": 1,
    "tiers": [],
    "pirateTypePercentages": {
      "normal": 34,
      "sturdy": 33,
      "fast": 33
    }
  }
}